label;text
construct;Die Idee is wohl, dass Anschl√§ge von den T√§tern im Heimatland weniger schlimm z√§hlen als im Zufluchtsland?
sarc;O, schaut mal, wie viele PKK-Fans hier in Deutschland unterwegs sind. Irgendwie tun mir die Deutschen echt leid. Falsche Politik, ey!
leave_fact;Ehrlich sein zum T√ºrken, aber dann Doppelmoral und scheinheilige L√ºgen von der Presse @randomuser123
other;Ihr seid voll durchgedreht und total verr√ºckt im Kopf, genauso wie die Leute damals in Nazi-Deutschland mit eurem krassen Verfolgungswahn. @randomuser123
construct;Es hat einen Angriff auf ne Moschee gegeben.
construct;Schon seltsam, warum die Gr√ºnen nie in Afrika wohnen wollen, wenn die Kultur da angeblich so super sein soll. https://www.facebook.com/fakeaccount123/videos/1656512477997645/ ‚Ä¶
construct;wem erz√§hl ich was?
construct;@Kernpunkt Voll viele haben Stress mit speziellen Gruppen, die ihre eigenen Regeln machen. Vietnamesen und Inder nerven da nicht so. https://www.wzb.eu/de/pressemitteilung/islamischer-religioeser-fundamentalismus-ist-weit-verbreitet ‚Ä¶
leave_fact;@KonzernKing Wenn man was von BWL verstehen w√ºrd, h√§tt man nich son Pleite-Verlag am Start. Der Spiegel, die Nische f√ºr Verlierer.
leave_fact;"@NewsTalker Mit ""Wir"" meint der Typ die ganze Medien-Bande und die Politiker-Truppe, zwischen denen er hin und her springt."
opin;mega nice. Pl√∂tzlich wirkt Amerika irgendwie viel chilliger.
opin;.@newsupdate Auch da gilt: Folien ohne Quellenangabe sind total unwissenschaftlich und eigentlich M√ºll. Studien muss man einfach nachpr√ºfen k√∂nnen
sarc;der hat grad mit @randomuser telefoniert. DANKE F√úR NICHTS!!! :/
sarc;Yo @randomuser Paris Nizza W√ºrzburg Br√ºssel Ansbach Reutlingen. Voll √ºbel, die Gewalt gegen Fl√ºchtlinge, echt schrecklich.
sarc;Will da etwa jemand Satire-Minister werden wollen?
construct;Der Typ, der die Texte zu den nackten M√§dels verfasst. Klar, is sexistisch, aber wenigstens glaubt da keiner wirklich dran.
sarc;"Sind ""bio-deutsch"" die, die schon ewig hier sind? Das Gesindel? ;-P"
sarc;omg ich auch voll, lass uns schnappen!
construct;5 Mille!! Nur in Istanbul
sarc;Wenn man finster schauen will, sollte man die Augen richtig zusammenkneifen, dann sieht man voll schlecht. cc: @freakshow123
leave_fact;@xyzparty/@abccrew/@lmnclub/@qwertzfun/@hijgroup/@opqteam/@uvwxgang und alle checken nicht, dass die Leute in Deutschland frei w√§hlen sollen.
opin;Es dreht sich darum, den amerikanischen Lifestyle als Satellit von Amerika umzusetzen.
construct;Gegen Merkel und ihre Crew gibt‚Äôs hier massig Zeug, da braucht man kaum was Spezielles zu suchen. @RandomUser123
construct;@xyzNews die nennen ne terroristische Gruppierung wie die PKK immer noch ne Arbeiterpartei, echt nicht zu fassen
construct;Und schon wieder sollen ein oder mehrere #Fremde (IS Fans) wohl √ºber 60 Menschen get√∂tet haben! Traurig, dass das scheinbar nie aufh√∂rt @abc_xyz
sarc;"die normale Person wirkt auf mich wie so ein ""halbwegs cooler"" Rebell"
opin;Besonders nervt mich, dass anscheinend die deutsche Politik denkt, mit Kohle l√§uft hier alles klar.
opin;@BlauRedner ey, da checkt Gr√ºn mal wieder echt nix von der Realit√§t!
leave_fact;Oh Mann, du bist echt armselig. Immer austeilen, aber nix einstecken?! Hater sind nicht ernst zu nehmen und man denunziert sie nicht! Ab zum Klo!
leave_fact;Null Hirn. Ende der Durchsage.
opin;@Blitzmann ehrlich, wenn ich mir H√∂cke und die Gang anschaue, dann zeigt ein Abi oder Studium nicht automatisch, dass man gebildet ist.
leave_fact;@sonnenschein_91 Muslime sind oft abwertend gegen√ºber Juden +aggressiv+gewaltt√§tig. Antisemitismus is da st√§rker. Frag mal Juden selber.
construct;wenn ihr √ºber Aleppo redet ohne Belege, z√§hlt das dann auch als Fake-News?
leave_fact;@User1234 @NewsDaily KEINER BELEIDIGT DEN T√úRKISCHEN PR√ÑSIDENTEN, IHR BELEIDIGT MIT EUCH DAMIT ALLE!
opin;@newsflash Didi kriegt null Respekt als Kabarettist! Er will auch keine Anzeige riskiern
opin;die CDU zum Beispiel is ne Partei, die Kriege unterst√ºtzt... Waffenlieferungen sind da nur n Stichwort... einfach unw√§hlbar! @falscher_account
opin;Jetzt betreibt ihr schon Werbung f√ºr die T√ºrkei, damit die euch weiter mit Fl√ºchtlingen erpressen k√∂nnen. Echt peinlich f√ºr DE.
leave_fact;@urbanhip_123 Hipster-Paule chillt auf nem fahrenden AfD-Klo - meine Blase will jetzt echt leerlaufen. #wierdRightHipsterPeeing
sarc;@MaxMustermann @newsfeed Herr Maas, wann genau waren Sie zuletzt in der T√ºrkei?
opin;...kritisch drauf sein. Und ich bin das auch. Aber kann man die Leute akzeptieren, die an ihn glauben.
construct;Die Frau hatte keine Burka an.
sarc;dazu nen Milchkaffee
opin;meine Reaktion auf dich @frosti99
construct;Genau so sieht's aus, oder w√ºrdet ihr die Linke st√§ndig als Linkspopulisten bezeichnen?
leave_fact;Diese H√§ngeschnute geh√∂rt dringend ins Heim zur Therapie! Ihr Asylchaos kostet uns Milliarden!!! @randomuser123
construct;Kurden in der T√ºrkei geh√∂ren zur Nation. T√ºrkei f√ºhrt Kampf gegen Terror in Syrien. @neuerAccount123
construct;Schaut euch mal die T√ºrkei an. Das is der Islam. Guckt euch alle L√§nder mit mehrheitlich Muslimen an. Fakt bleibt Fakt.
opin;...ich wehr mich voll dagegen, Leute einfach in Schubladen zu stecken. @randomuser123
sarc;Das haut richtig rein ‚Ä¶ irgendwo zwischen Stuttgart & Saarbr√ºcken. Hab selten so gelacht, ey. @funnydude123
opin;Astrozeugs trifft manchmal echt zu
other;h√§tt glaub ich mal gedacht, du g√∂nnst dir endlich ein paar mehr *...
leave_fact;@fakespot Rechts? L√ºgenpresse! Ihr verpasst dem normalen B√ºrger das im Auftrag von der Merkelbande. Elendes L√ºgenvolk...
leave_fact;Weil 2016 gibt's immer noch voll viele Leute, die weder laktoseintolerant sind, noch auf Tierschutz so abfahren.
construct;@newsflash_de sichern andere L√§nder etwa ohne Waffen ihre Grenzen? Und der Vergleich mit der DDR stimmt nicht ‚Äì da wollten die Leute ja raus.
opin;Das haben wir uns selbst erk√§mpft! Nur weil wir das gemacht haben, hei√üt das noch lange nicht, dass die Regierung Narrenfreiheit hat!
opin;Politik offener Grenzen, die von Anfang an zum Scheitern gemacht war, nur um irgendeinen Schuldkomplex abzub√ºgeln @randomuser123
opin;Frau @andereraccount labbert von nem Deutschland, das nix zu tun hat mit den 14 Millionen Leuten und Ausl√§ndern, die in harter Armut stecken.
construct;Wenn man als Frau im islamischen Kulturkreis nicht daf√ºr vergewaltigt wird, ist das f√ºr Europ√§erinnen eher ein R√ºckschritt als ein Fortschritt. @falschername123
other;Deutschland Mischlingskind!
other;@MaxMuellerXYZ @globalnews und unsere Kultur geht im Migrationschaos unter? Augstein, echt schlecht f√ºr Sie.
leave_fact;Ist das irgendwie so n Ding wie ne Veganertoleranz? Weil ich hab die n√§mlich. Vorschl√§ge f√ºr Therapie? #IDontCareAtAll @randomuser123
leave_fact;@PolitikFan22 Was soll das f√ºr ne politische Einstellung sein, wenn #ARD #ZDF falsche Bilder in ihre Berichte packen?! Oder nur einseitig und nicht neutral berichten?!
construct;@newsflash Es gibt immer nen Grund, warum Politiker nach Br√ºssel geschickt werden. Leider machen die da oft noch viel mehr kaputt.
leave_fact;wer hat mit dem falschen Sultan null Stress gehabt
opin;Und die T√ºrkei meint, von der deutschen freien unabh√§ngigen Presse falsch dargestellt zu werden? Ihr T√ºrken habt‚Äôs doch selber in der Hand ‚Äì √§ndert es!
construct;Aber dem t√ºrki Fake-Diktator voll in den ... krochen. Hoffentlich nur noch bis 09/17!!! #nichtmeinechefin @randomuser123
leave_fact;in der dicken Headline. Guck mal das Bild an. Jetzt bist du selber baff!
construct;wie l√§uft der Ausnahmezustand in Frankreich eigentlich? Gibt‚Äôs da nen Vergleich den man machen kann?
sarc;Richtig witzig.
leave_fact;@TomBauer oh wow, herr maas geht ja richtig auf zensur los!
other;die sollten alle in den Irak ziehen
construct;meint der feminazi der in so nem moschee abh√§ngt, wo die ladies von den kerlen getrennt sind... @fempowerzone
construct;Nicht Terror, sondern Gleichg√ºltigkeit, die weltweit zur Fluchtbewegung f√ºhrt, ist der wahre Feind Nr 1.
opin;@MaxM√ºllerz Vollkommener Quatsch. Die zahlen z.B. auch Solidarit√§tssteuer, da m√ºsste man denen doch mehr Befugnisse geben... @ella_hayali
construct;wenn's diesen sogenannten v√∂lkermord echt gab, warum um alles in der welt macht armenien dann nicht seine archiv auf? @randomuser123
construct;dann k√ºmmert euch mal um die Gr√ºnde f√ºr die Flucht. Problem is halt einfach, dass keiner Bock drauf hat.
opin;Mit Ihrem Post zur Fl√ºchtlingskrise bei @newaccount123 macht ihr euch und die Gr√ºnen total unw√§hlbar.
other;Exakt, man kann auch sagen: Wer nicht w√§hlt, is einfach undankbar.
construct;@Zolli92 @MarkoF55 @LienertBald Fl√ºchtlinge die ankommen = total wehrlos, keine Waffen. Rechte Gruppe = mindestens verbal gef√§hrlich.
opin;Silvester in K√∂ln: Bullen v√∂llig √ºberlastet. Staat schafft Sicherheit nicht #Waffenlaw
sarc;ok Anzeige is drau√üen... √§h Bewerbung
leave_fact;@MaxMeyer @newsflash EUCH ANZEIGEN, RUCKZUCK SEID IHR VOR DEM EUROP√ÑISCHEN GERICHTSHOF, IHR DEUTSCHEN UND EUROP√ÑISCHEN LEUTE, WIRKLICH!
leave_fact;@xyz_User Ist das Herabw√ºrdigen von Leuten mit anderer Meinung wirklich nur was Dumme machen?
opin;"""I might support"" hei√üt nicht automatisch ""ich vote f√ºr sie"". Das hei√üt es definitiv nicht."
sarc;Merkel f√ºr immer das Opfer? So l√§uft ihre Amtszeit zu Ende? Oder gibt‚Äôs noch n heftigen Abschluss?
construct;Die Stimmen von alleinerziehenden Mamas, deren Kids in Armut leben, aber auch die von denen, die Altersarmut f√ºrchten, sollten geh√∂rt werden. @randomuser123
opin;@TechGuru22 was geht mit strafen, die meistens von ausl√§ndern kommen? Schon bei der kleinsten sache sollte abgeschoben werden... zum beispiel
opin;@newsflash echt typisch bei #Erdogan... #extra3 #T√ºrkei
opin;scheinbar ne autobombe omg soll das n witz sein? wie soll das sonst aussehen? echt peinlich, ey @randomuser123
other;Die Umfrageexperten m√ºssen nicht gut aussehen, um in der Tagesschau auftauchen zu k√∂nnen. @newscheck360
leave_fact;@xyzCrew @newsflash ihr falschen #Scheinheiligen, ihr Schleimer von Israel.
leave_fact;@TomBauer @LinaFischer Sch√§uble ist halt Schwabe und denkt halt schw√§bisch. Herr Bauer, die CDU wird 2017 von AFD und NPD abgel√∂st.
opin;T√ºrkei will die Auslieferung von Straft√§tern, die nach Deutschland geflohen sind. Warum wollt ihr Verbrecher eigentlich behalten? @falscherUser123
construct;In Deutschland leben ungef√§hr 10 Mio T√ºrken. Was passiert, wenn Deutschland die Grenzen wieder aufmacht?
opin;In der T√ºrkei wird vielleicht noch entschieden, ob die Todesstrafe eingef√ºhrt wird. Die BRD sollte der T√ºrkei da echt nicht reinreden wollen.
sarc;@newsflash Beantrage Asyl in √ñsterreich. Merkel, Gr√ºne und Linke machen sich breit. Deutsch-√ñsterreich. Fl√ºchtlinge nach DE.
construct;PKK/YPG sind keine echten Kurden, sondern Terrorgruppen!! Genau wie der IS werden die auch bek√§mpft! #FakeAccount123
leave_fact;Der hat schon immer nur rumgezickt und null Plan gehabt, hier z√§hlt deutsches Recht, @randomuser.
construct;friedlich? die tragen Flaggen von so ner Terrorgruppierung!!! und ausgerechnet deutschland supportet die noch, voll traurig!
leave_fact;Und was treibt ihr grad so? Was bekommt ihr eigentlich von der Regierung f√ºr diesen Propaganda-Post bezahlt? @fakesupporter
opin;Kann sein, dass die Gr√ºnen dann n besseres Gewissen haben, weil sie voll die F√∂rderung gemacht haben, aber trotzdem ist es total sinnlos.
opin;Terror muss √ºberall gestoppt werden!
opin;Hey Leute, lasst euch nicht von Fake-News verarschen.. Guckt kenfm und h√∂rt kenfm.. So habt ihr wenigstens Hintergrundinfos.. @randomuser123
opin;Va gehts eher darum das fix klarzumachen, sonst ist der zug schon weg! Die t√ºren sind ja sowieso dicht... @falscheraccount
sarc;‚ÄûDeutsche‚Äú ‚ÄûIS‚Äú ‚ÄûKids‚Äú? Ich hab das Gef√ºhl, manche Leute an den richtigen Orten sind voll im Wahn?!? @falscher_account
construct;Das sind doch blo√ü leere Worte. Kurz danach kommt der Dolchsto√ü. Trauriges Beispiel ist die T√ºrkei. Allah besch√ºtz uns.
construct;eigentlich nicht erlaubt, weil es quasi andere BL benachteiligt.
other;ARD D-Land Umfrage
construct;Die Aussage is voll Wahlkampf. Wo zieht ihr eigentlich die Grenze zwischen den Pflichten der Kanzlerin und Wahlkampfgehab? #AngelaFake @randomaccount
opin;Die Abgeschobenen leiden unter der Politik von versch. Leuten & sind deren Opfer. #maisdemaiz123
construct;Weiter im Selbstzerst√∂rungsmodus der Blockparteien. Dass dabei Deutschland kaputtgeht, ist anscheinend f√ºr die Ausl√∂serin Merkel das Allerwichtigste. √Ñhm nee, eigentlich geht‚Äôs Merkel nur drum, an der Macht zu bleiben. Und f√ºr Seehofer (CSU), Linder (FDP) und die Gr√ºnen genauso. @falseAccount123
opin;Die Einstellung l√§sst sich leider nicht einfach l√∂schen.
opin;Man m√ºsste eigentlich sagen: keine europ√§ische Kohle f√ºr die T√ºrkei unter Erdowahn. Gibt ja auch clevere Leute in der T√ºrkei. @falsche_karte
sarc;W√§rn die #SPD-Leute echt schlau, w√ºssten sie, was richtig is ‚Äì dann w√§ren sie l√§ngst keine #SPD-Leute mehr... @randomUser42
construct;30.000 Leute dabei, jeder 2. mit ner verbotenen Fahne und die Polizei will uns weis machen, dass wir strafrechtlich belangt werden ?
leave_fact;M√∂bel Kram hat wieder schnauze offen.
construct;Kaum zu fassen, wie diese voll verbl√∂deten am randalieren sind und dann wird die Polizei als die B√∂sen dargestellt. @xyzdummy
sarc;Peinlich echt
opin;Die Resultate sind jetzt schon eindeutig, da muss kein Referendum mehr initiiert werden. @falscheraccount
leave_fact;inselbewohner, die ihr zuhause verlieren, werden jetzt in die tundra verpflanzt! hat @reaktor_fan zu lang am tschernobyl-ding gechillt?
construct;Die bisherigen Angreifer muslimischen Glaubens kamen aus L√§ndern, die nicht auf der Liste sind. @randomUser123
construct;Ich mach mir auch Sorgen um unser Image weltweit. Aber @newsflash_wien vergisst leider, dass #Hitler aus √ñsterreich kam.
construct;Pogromstimmung am Start, jetzt fehlt nur noch, dass Politiker und Medien direkt auffordern. Wer verurteilt diese Terroranschl√§ge? Echt schlimme Zeiten. @falscheraccount123
opin;Ich find, anstatt dauernd √ºber die Dunkelheit zu meckern, w√§r‚Äôs sinnvoller, sich richtig schlau zu machen. #iranprotests @fakespot123
opin;Das is mal wieder voll der typische Ostkind-Merkel Quatsch. Weniger Staat, bitte. Weniger Umverteilung!! Merkel m√ºsste sich endlich mal der SPD anschlie√üen. @andererUser94
leave_fact;"Der ""#linksradikale Konsens"" bei Medien & Machthabern ist meiner Meinung nach einfach nur populistische #Verbl√∂dung ohne jeglichen Beweis. Mal gucken, ob und wer am Ende verurteilt wird. @fakeUser123"
opin;Steini kapiert nicht, dass die GroKo lang genug am Start war zum regieren. Der B√ºrger hat die AfD gew√§hlt, damit die mit am Ruder sind und nicht so'n zugemauertes Jamaika-Ding mit Gr√ºnen-Zielen, die Heimat als 10%-Partei am meisten schaden. Neuwahlen her, und zwar fix, kein Rumgeschiebe mehr.
leave_fact;Haben @falscheperson & @andereruser ihre Drogen an @fakesubject weitergegeben? Ganz ehrlich, #Merkel hat keinen 'kranken Mann' geerbt, sondern in den letzten 12 Jahren nur gezeigt, dass sie ne inkonsequent opportunistische Marionette von der Wirtschaftslobby is.
opin;Machen aber auch keine Anschl√§ge im Namen von der FDP, oder?
sarc;"Aber nur weil hier leider Niqabs sind und Burka einfach schneller zu tippen ist, ;-)"
other;Keine Reisewarnung, weil das f√ºr den normalen B√ºrger nicht gilt. Es geht nur um die PKK und G√ºlen Terroristen. @fakeuser123
leave_fact;Krass krass krass mega dreist total riskant gefeiert linksgr√ºner Reporter #gruenenbeat
other;ich geb auf alles antwort, sobald ich daheim bin. Geduld bis so 22 Uhr bitte. @MoonLightFan @newsflashHeute
leave_fact;Der aggressive Angler sollte echt mal den Mund halten!
sarc;Warum existieren in der BRD eigentlich Tafeln???
construct;puuh. keine ahnung, wie sehr man solchen bildern trauen kann. #TrumpEr√∂ffnung @randomuser123
construct;Verh√§lt sich so ein echter Demokrat, wenn er durch K√ºndigungen die Machtkontrolle abschw√§cht? @randomuser123 Bannon NSC
other;Nur komplett Polen?
sarc;Wann und wo exzellenter Service? Schreiber-Millionen Griechenland-Drama nur durch IWF oder was? @randomuser123
construct;Den politischen Gegner fightet man mit Argumenten, nicht mit dummen Antifa-Sachen.
opin;Wer behauptet, dass das ne Minderheit ist? Die Antifa. Z√§hlt die doch einfach mal dazu, warum nich? (Obwohl es eigentlich so sein sollte)
opin;Der Teufel macht immer sein Gesch√§ft auf den dicksten Haufen! @randomuser123
construct;mittlerweile: deutschland schickt noch immer waffen r√ºber an den bosporus @xyz_unbekannt
construct;Multikulti-Gesellschaft am Abgrund. T√ºrkischer Nationalismus zeigt in liberalen NL sein echtes Gesicht. Hass statt Zusammenhalt.
construct;Wieso werden in Spanien oft Leute festgenommen, die Erdogan hinterherjagen?
other;Eine Truppe Journalis h√§ngt durch die Stra√üen und kriegt richtig aufs Maul. Keiner von der deutschen Presse flippt aus.
opin;Die Gr√ºnen d√ºrfen auf keinen Fall durchkommen.....
leave_fact;Heiko, mit so ner Argumentation zeigst du echt deine Verwirrung. Jeder D√∂del meldet nach eigenem Plan und du glaubst, es br√§uchte mehr Zahlen.
construct;Will hier jemand andeuten, dass die Justiz nicht unabh√§ngig is? Wird da etwa direkt die T√ºrkei als Vergleich herangezogen? @NewsChannelXYZ was meint denn @PolitikerMax?
opin;Meinungen und Berichte von @NewsFlash123, @DailyBuzzXYZ und @GlobalReportABC einfach so zu √ºbernehmen, ohne sie zu checken, reicht auf Dauer nicht #Bumerang
opin;Wer l√§sst echt seine Frau und Kids in nem kriegsgebiet zur√ºck? Bin klar f√ºr Asyl, aber nicht f√ºr nen generellen Familiennachzug!
construct;Wenn man null Plan hat, sollte man echt mal... die Bio von dunja hayali checken und staunen, was sie alles schafft @xyzauthor @mediennews
construct;"2) und ich red nicht von muslimischen Sch√ºlern. An meiner Schule, die haupts√§chlich von Deutschen besucht wurde, war das ""normal""."
leave_fact;Herrn Steinmeier. Kaum jemand traut euch wirklich.
construct;Gegen Antisemitismus klar. Aber nicht gegen die Politik von Israel, die Land von den Nachbarn einverleibt. F√ºr Russland gibt's wegen der Krim Sanktionen, aber Israel kann das einfach so machen.
leave_fact;KEINER muss sich verstecken. wer sind eigentlich die juden vom 21. jahrhundert, herr @xyz123?
other;Wo feiern wir Silvester? Wo feiern wir Silvester? Wo feiern wir Silvester? @partytime_freaks
construct;Peinlicher Gratis-Mut. Hat diese Pfeife jemals ‚Äûklare Ansagen‚Äú f√ºr Parteikumpels gebracht, die befohlen haben, dass an der Grenze haufenweise M√§nner, Frauen und Kinder wie Kaninchen erschossen wurden? Nope? Tja, wer h√§tt‚Äôs gedacht. @fakename123
construct;Das Unterst√ºtzen von Ausbeutung, Ausgrenzung und Armut hat echt nix mit Toleranz zu tun... @falscherUser
construct;allen Deutschen √ºber alle Generationen hinweg st√§ndig mit dem Holocaust kommen? berechtigte Kritik oder einfach nur Sorge um Familie = Nazi... @randomuser123
leave_fact;Der #Islam gibt dem dschihadistischen Terror die geistige Grundlage, er selbst ist die Bedrohung, die bei uns Fu√ü gefasst hat.
opin;Schon √ºber 8 Wochen seit der #BTW2017. Nur am Rumsondieren, null Ergebnisse, nix. @parteiA @parteiB @parteiC und @parteiD als Firmen w√§ren l√§ngst pleite! Trauriges Deutschland!
opin;Die Kids k√∂nnen ja nix daf√ºr! Kein Kind darf hungern ‚Äì egal wo auf der Welt!
other;Wo ist denn das kleine gr√ºne Pfl√§nzchen hin? @blumen_fan123
other;Nazis im Anzug mit schicken Reden und Doktoren-Titeln!! Aber nicht jeder W√§hler ist gleich ein Nazi.
leave_fact;Sorry, aber dein Beitrag is so gehaltlos wie ein kaputter, leerer Ballon. Wer verirrt sich hier eigentlich wohin??? @falscheraccount
opin;Kaum zu glauben. Wer hat eigentlich evolution√§r gesehen Anspruch auf das Meer? Der Mensch ist echt der √ºbelste J√§ger auf dem Planeten! @meerkingfake
opin;Ich will einfach nur ne ganz normale GroKo. Keine Hitler/WK-Verr√ºckten, Npdler, Afdler oder Nazis. Checkt das! @randomuser123
construct;Dadurch werden alle, die f√ºr Trump gestimmt haben, in einen Topf mit Nazis geworfen, entmenschlicht & d√§monisiert. Leute, die vorher schon 2x Obama gew√§hlt hatten! @randomuser123
leave_fact;Mutti-Republik!
sarc;nazis gibt‚Äôs nich mehr, weil der letzte grad bei nem afd wahlplakat erstickt is @randomuser123
opin;H√§tt ich nie gedacht, dass McCain mal links vom Presi auftaucht...
construct;NATO Land droht NATO Land, wir k√∂nnnen die Russen echt knicken. Oder l√§uft da heimlich was mit Moskau?
construct;hab grad mit dem #Klimaged√∂ns ne Ablenkung am Start & jetzt tauchen √ºberall die Folgen der eigenen Politik auf. #DieVerfolgten
other;Aufpassen.. .?? Nee.. besser ganz fernbleiben....
construct;Jetzt kommt die gro√üe Frage #m√ºller oder echte gr√ºne Politik? Im Moment scheint bei euch auch die #autofraktion zu siegen #dieselkonferenz
other;Bist du schon im Assozi-Club? Oder is das @fakemagazin vielleicht nur n mega cleverer Anti-Terror Move? #K√§nguruChroniken
construct;Der staatsrechtliche Rahmen (Gewaltenteilung) Bildung l√§uft anders. Geschichte wiederholt sich nicht. Nicht in der Vergangenheit h√§ngen bleiben. @randomuser123
leave_fact;L√ºgenpresse, wieder mal so ein klarer Beweis. @falscheaccount
sarc;Der Widerstand gegen den deutschen Faschismus: keiner will da zur√ºckstehn, ne!
construct;Krasse Ansage gegen die Nazi-Kollaborateure bei @newsflashxyz http://blauerbote.com/2015/01/10/ard-rechtfertigt-nazipropaganda-in-den-tagesthemen/ ‚Ä¶
other;L√§uft hier grad Wahlkampf direkt ausm Presseraum? #btw17
leave_fact;Was wenn ma in Integrationskursen mal die Passagen im Koran besprechen w√ºrd, die Juden runtermachen?
sarc;Merke: Wer bl√∂de Fragen raushaut, bekommt auch bl√∂de Antworten zur√ºck.
sarc;wer Terroris und Umst√ºrzler supportet, wird verhaftet oder rausgeschmissen. Krass, oder?
leave_fact;Warum sprecht ihr so frech die Unwahrheit? #TorVonBrandenburg Ein Mahnmal der Blamage! #Terrorgruppen Werbung! Kaum zu fassen! #MuslimischePropaganda #Denkmal! Euch m√ºsste man die Erlaubnis entziehen, die Leute so dreist zu t√§uschen! Errichter: Freiheitsk√§mpfer-Gruppe X!
leave_fact;Kipping soll mal besser die Fresse halten. Dann kriegt ihr auch mal Stimmen. Guckt euch #Merkel an. Die wird gew√§hlt, obwohl die nix macht.
construct;Stimmt, die Frage is nur, ob sie da irgendwie mitgewirkt hat?
leave_fact;Solche dummen Neonazis gibt‚Äôs leider st√§ndig, solche Vollidioten sollten echt hinter Gitter kommen.
leave_fact;Merkel und ihre Hofschranzen von den Gr√ºnen m√ºssen weg! Nur Neuwahlen z√§hlt!
leave_fact;wie kaum jemand sonst steht Heiko voll f√ºr Zensur &√úberwachung rund um die Uhr. Perfekt f√ºr Recep's Propaganda-Show @fakeaccount123
leave_fact;Warum haben die Leute keinen Bock mehr auf ihre Politiker? √úberheblich (@KalleBald)Verlogen (@Susi_Laut)Hetzer (@Tom_Quer)Gr√ºne (Kids & Drogen Fanatiker)und so weiter...
leave_fact;"Oh Mann. Die Tagesschau stellt nur ne simple Umfrage und die Tichy-Gauland rastet komplett aus. Und die AfD will dann Volksentscheide wie in der Schweiz #FakeNewsParty #AfD  
@randomuser123"
leave_fact;Unsere Cops sind unbewaffnet. Terroristen laufen frei rum und werden als Migranten oder Fl√ºchtlinge reingebracht. Wir sind total schutzlos. @randomaccount123
sarc;‚ÄûJuden‚Äú und ‚ÄûIsrael‚Äú sind nich dasselbe. Seit vielen Jahren ist der Staat Israel in den pal√§stinensischen Gebieten eine Besatzungsmacht mit allem was dazugeh√∂rt. Die tagt√§glichen Kriegsverbrechen von Israel werden jetzt durch das Verbrennen von Flaggen auf schlimmste Weise beleidigt.
opin;Also was jetzt? Pink ist jetzt also n Geschlechterding f√ºr M√§dels oder was? Der ganze Aktionismus wird echt nur noch l√§cherlich! @techguru94
construct;Will Erdogan die Todesstrafe in der EU wieder einf√ºhren? Die EU wird zur halben Diktatur. Und die EU diskutiert echt dr√ºber. @fakespot123
leave_fact;Na, wer h√§tt's gedacht! Den linken Gutmenschen und den BahnhofstratscherInnen wird das bestimmt gar nich schmecken! @fakeuser123
leave_fact;Ohje, Merkel bringt ganz Deutschland Armut mit dem neuen braunen Jamaika-Wirbel @newsflash @tagesticker #kennews @leftparty #greens #socialdems @freeliberals
sarc;Israel will die ganze Welt. Israel ist gleich Amerika.
construct;Dann soll ma aa Merkels kinderlose Ehe als ung√ºltig erkl√§ren. Gleiche Regeln f√ºr jeden. #LiebeFrauxyzSieWarenVorIhrerEheSchwanger
leave_fact;Und wer bewahrt uns vor dir und den Gr√ºnen Kriegshetzern?
construct;Wenn @Blattwerk123 noch echt gr√ºn w√§r, w√ºrd ich die w√§hlen. Aber in Stuttgart regelt das Gericht die Luftqualit√§t, nicht die gr√ºne Politik.
sarc;Dann k√∂nnen sie sich eben als #Gefl√ºchtete anmelden, daf√ºr sind Milliarden an Geldern verf√ºgbar.
construct;Es existiert keine feste #Maximalzahl f√ºr Asylantr√§ge, die in Deutschland gestellt werden d√ºrfen und trotzdem mit unserem Grundgesetz √ºbereinstimmen!
leave_fact;Arschtritt, T√ºrkenclown! Ihr habt echt nix Besseres verdient, ihr Faschos! Verpisst euch zur√ºck in die T√ºrkei! @randomuser123
construct;die deutsch t√ºrken, die so voll auf die erdogan diktatur abgehen, sollten echt mal fix zur√ºck in ihr angebliches paradies ziehen
leave_fact;#Luegenpresse #FakeNews von den #oeffentlichrechtlichen #Mainstreammedien! Urspr√ºnglich von #Islamisten gebaut. Das echte Bus-Barrikade wurde damals von der islamistischen Ahrar-al-Sham-Gruppe im umk√§mpften Aleppo errichtet, deren Fahne zeitweise auf den Bussen wehte. Ahrar-al-Sham ist stark umstritten.
construct;In Deutschland gibt's nicht ohne Grund die standesamtliche und die kirchliche Hochzeit.
construct;Ich dachte, die Bismark w√§r schon untergegangen? @cooluser123
leave_fact;"Mit dem ""Linksradikalen"" checkt man #ZDF klarer und der Tunnelblick ist auch auf #ARD am Start. Das hat nur noch die Aktuelle Kamera √ºbertrumpft, aber selbst die haben nicht wirklich geglaubt, dass sie den ultimativen Wahrheits-Check bringen. Also besser genau gucken, wen man bei den Medien w√§hlt!! @media_fakes"
opin;Die AfD is nich Teil von Deutschland!
opin;Als gl√§ubiger Moslem ist das echt viel riskanter, tausendmal mehr.
leave_fact;Ja, voll. Wir kennen doch alle die Genauigkeit von Umfragen. Am 23. Juni 2016 wurde ne unumst√∂√üliche Entscheidung getroffen, die jetzt g√ºltig und verbindlich ist. Dass @falscheNews jetzt schon einzelne Umfragen rausholt, die ihre eigene linke, gr√ºn-verseuchte europhile Agenda pushen...
construct;Schon echt seltsam, dass die Mehrheit Moslems sind und den Koran als Grundlage nehmen. Fakten sind halt manchmal schmerzhaft. @randomuser123
opin;T√ºrkischen Botschafter direkt abschieben und sofort die Geldzufuhr stoppen Warnung vor Reisen, das checkt nur der ErdoWahn.
construct;Hey, das sind Verbrecher, die abgeschoben werden sollen.
construct;Wie viele Anschl√§ge in Europa wurden eigentlich mit legalen Waffen durchgef√ºhrt? - Also echt!
construct;Mega nice. Zahlen WIR dann auch weniger Kohle?
construct;Checkt mal Berichte zum Alltag von Frauen in Kairo, zum Beispiel, und dann vergleicht das mit dem in, sagen wir, M√ºnchen. Als Linker kann man sich auch echt blind stellen. Mir geht da manchmal echt die Hutschnur hoch. @randomUser123
sarc;"Wenn die Grafik √ºber linksradikale Gewalt w√§r, w√ºrde der Kommentar so lauten: ""Linke Gewalt nimmt stark ab - voll der positive Trend."""
construct;Genaueres gibt‚Äôs nicht? Komisch, dass F. Petty seine pol. Immunit√§t verliert, aber nicht Merkel. Wahrscheinlich hat nur die #Opposition Plan davon.
sarc;"Und nicht vergessen: In die Mediathek hochladen, damit man ""Dinner for one"" auch morgen noch gucken kann! Da geht noch mehr. Beim Programmplanen ist noch viel Sparpotenzial drin! @randomuser123"
leave_fact;Aktivisten?! ECHTE LINKS-TERRORTYPEN!!!
sarc;Umfragezahlen brechen ein, da braucht‚Äôs dringend ne neue rechte Forderung. Gut gemacht @dark_pete
other;"Quatsch, Herr Meier. ""Das Netz"" das sind nicht sie. Und ihnen passt es nich, dass mal Klartext geredet wurde. Nur nicht von den Kuscheltypen."
opin;W√§r's nich besser, einfach nich st√§ndig mit d. Gr√ºnen Koalitionen einzugehen? Dann w√§r der Maghreb auch sicher erkl√§rbar. @falscheUser123
leave_fact;unter kultur checkt sie sicher sowas wie wenn cousins und cousinen heiraten und deren bescheuerte kids dann fast die ganze welt kaputtmachen wollen
leave_fact;"Ihr verbreitet Falschmeldungen: Er hat gesagt ""auch ohne Pass B√ºrger von diesem Land"" und das ist was anderes als ""geh√∂ren zu uns"". Vaterlandsverr√§ter @falscheraccount"
construct;Und Merkel h√§ngt ab mit Diktator @falscheperson. #Scheinheilig #Doppelmoral --> #JA zu ner stolzen starken T√ºrkei!
construct;Besonders wenn man sieht, dass clinto123 mehr als ne Milliarde Dollar im Wahlkampf verbraten hat.
construct;Schon wieder auff√§llig, dass die √∂ffentlich-rechtlichen Sender gar nichts √ºber die Ausschreitungen bringen... @randomuser123
sarc;"Gefahr f√ºr Leib und Leben? Wem geh√∂rt eigentlich der Hamburger B√ºrger? Da m√ºsste ""der Herr Minister echt mal ordentlich durchgreifen"" und eingreifen."
opin;Was machen unabh√§ngige Richter in den USA? Echt jetzt, wie blind seid ihr denn? Sobald ein Schwarzer vor Gericht steht, dann l√§uft da nix mehr gerecht ab.
construct;Ey, sieht der Spigel etwa anders?! Dann her mit den Fakten und Argumenten - das is, was echter Journalismus ausmacht! @fakenewschecker
opin;Man kann die Welt nicht durchs Evangelium lenken, weil das w√§r, als w√ºrde man die wilden Tiere frei laufen lassen. (Martin Lutz)
leave_fact;Linksverwirrter Typ
construct;Sagt der Typ, dem die komplett unkritische Presse als Echokammer f√ºr seine krassen Kriegsvisionen dient. @randomUser123
construct;Kein Drama hier. Ruhiger Spaziergang von polnischen Familien, die an den 11.11.1918 gedenken. @randomuser123
other;Ihr Heuchler, ihr verbreitet doch nur Falschinfos und Propaganda gegen die EU/NATO und Deutschland. @falschnetz_fake
construct;Sagt der Typ, der auch meint, es juckt uns null, wie viel Kohle er als Abgeordneter noch nebenbei macht. Mega Arroganz deluxe @randomuser123
opin;Da bin ich ganz anderer Meinung. F√ºr mich bedeutet Faschismus vor allem Gewalt gegen irgendwelche S√ºndenb√∂cke.
construct;Damit is Merkels Versprechen hinf√§llig, und das ganz ohne ihr Zutun. Das is echt Merkels Art. @user1234
leave_fact;Schaut euch mal die Lager in der T√ºrkei und Libanon an und so. Klar, is nich wie ne eigene Bude, aber immer noch besser als kein Strom und kein Dach √ºberm Kopf. In andern L√§ndern m√ºssen Kids betteln! Und die kriminellen Fl√ºchtlinge, da h√∂rt man nix von ner Klage? @fakesupport123
construct;Die islamischen Staaten sollten sofort alle Nicht-Muslime rauswerfen und keinen Tropfen √ñl mehr abgeben!
leave_fact;6000 Leute... die keine Ahnung von Demokratie haben... total l√§cherlich... wir alle wissen, dass da nur Links- und Gr√ºnschleimer dabei sind... also whatever... @random_fanpage
other;"Was kann man als B√ºrger von ""mein Maasenland"" machen, wenn die Gerichte nicht zuh√∂ren und das VOLK taub bleibt? T√ºrkei bleibt fremd T @randomuser123"
construct;In 10 Jahren 2 Millionen ohne Deutschkenntnisse ‚Äì das st√§rkt voll die AfD! @fakeuser123
construct;Stimmt, am Ende sind es ja eh die Leute, die in Kapital-Lebensversicherungen einzahlen, also die Sparer, die das zahlen!
other;Nicht an dem Ort, wo ich Silvester gefeiert hab.
opin;Ein mega guter Kommentar! Endlich sagt mal jemand Tacheles zu den Zust√§nden in Saudi-Arabien, wie wir das bei @falscheraccountname schon ewig kritisieren. Merci!
sarc;"Diese ""Nazis"" sind echt schlimm!"
leave_fact;Was f√ºr ne Sprache redet die Alte?
construct;Welche Aktivis? Hier treiben #Stalker aktiv illegal #FakeAktivis ihr Unwesen. So ne private #GESTAPO aufzubauen hat nix mit gerechtfertigten Beschwerden zu tun. Selbstjustiz geht gar nicht in ner Demokratie.
opin;Ich find grad echt keine Worte.
leave_fact;Heiko is voll sauer, weil er nicht mehr Zensurboss spielen kann. @cooldude123
opin;"Was f√ºr ne riesen ""Muppetshow"" üòÖ Linke Politikerinnen stricken, w√§hrend die Abgeordneten der dunklen Fraktion nur an ihren Handys rumdaddeln. #Chaos @news_freak123"
leave_fact;Behauptet Herr Schmidt von talkspace ... die Hall of Fail der richtig bescheuerten Nazis.
sarc;Oder vielleicht durch den Vorgarten von den Clints? Man fragt sich echt, was am gef√§hrlichsten w√§re? Aber was sollte ihm in UK schon passieren? Da Charles doch?
construct;Yves Klein geh√∂rt zu den K√ºnstlern, die w√§hrend der Nazizeit aufm Index gestanden h√§tten!
construct;jetzt mal echt, bisschen mehr Respekt bei @xyz_tv und @abc_news bitte
leave_fact;Die Gr√ºnen sind so unn√∂tig wie Nagelpilz.
sarc;Und wie habt ihr vor, diese fiesen Krebsgeschw√ºre loszuwerden? Mit ‚ÄûKuschelpolitik‚Äú etwa? @cool_account123
sarc;Hab das schon 2011 gesagt! Wo is denn jetzt der Respekt? @cooluser123
other;Zum Gl√ºck startet morgen der Karneval in K√∂ln <----- nur die coolen Leute hier
construct;Krass, wie hier #asyl und subsidi√§rer Schutz durcheinandergeworfen werden, nur damit Frau #Musterfrau ihre Aussagen als falsch hingestellt kriegt...
opin;nur Doppelkoalitionen mit @partyX? hast du mal an Rot-Gr√ºn gedacht?
leave_fact;Hoffe, die stolpern dr√ºber. Seehofer ist doch n Auslaufmodell und kann nicht ganz Deutschland f√ºr sich beanspruchen. Wie angeschlagen ist eigentlich Merkel?
sarc;Faire Straftaten f√ºr die deutsche Justiz sind, wenn ein Sexualstraft√§ter mehrfach zuschl√§gt und trotzdem nur Bew√§hrung kriegt #echtjetzt @falscheuser123
construct;Es wurde nicht ein einziges Mal erw√§hnt, was die Leute in der T√ºrkei eigentlich so krass an der aktuellen Regierung feiern. @falscherAccount
leave_fact;Sind die √∂ffentlich-rechtlichen Medien, die wir alle mit Zwang zahlen, echt neutral und unparteiisch?
sarc;Klar, Polen nimmt auch st√§ndig deutsche Staatsb√ºrger gefangen, unterst√ºtzt Terror und schickt religi√∂se Extremisten nach Deutschland. @randomuser123
construct;Das klingt echt nach Schilda! #G20 ist vorbei und 32 Reporter, die da waren und dann abgehauen sind, haben nachtr√§glich ihre Akkreditierung verloren. @fakespotter
opin;Kaum zu fassen...
construct;Warum quatscht ihr dauernd √ºber Antisemitismus? Falls ihr mit Semiten die Juden meint, checkt mal, dass die Mehrheit der Semiten Moslems sind und die Juden weltweit zu 92 % Khasaren, ca. 3 % Konvertiten und h√∂chstens 5 % Semiten sind. Zu Luthers Zeiten war ganz Europa antisemitisch. #FakeUser123
construct;Kann die #XYZ-Partei nich checken, es geht nich um fehlende Infrastruktur, sondern darum, dass WIR unsere Identit√§t verlieren!!!
leave_fact;Mit seinen Anschuldigungen gegen Deutschland beweist er nur, dass er seine Schulzeit im Express-Tempo durchgezogen hat. Kein Anstand!! @randomuser123
construct;Au√üerdem is das schon uralt! Und das is noch viel fr√ºher passiert, bevor er √ºberhaupt US-Pr√§sident war! @randomuser123
construct;"1. welcher clan genau  
2. was meinst du zu folgender kombi bei nem kumpel von mir: mutter t√ºrkisch papa deutsch"
construct;Er gibt voll den Eindruck, als w√ºrden jeden Tag Hunderttausende abgeschoben ?! Wahlstress! @falschaccount123
construct;Warum? In Deutschland wird keiner T√ºrke einfach so verhaftet. Herr @max_muster_de Sie labern mal wieder ohne nen Funken Ahnung.
opin;Ein Mensch bleibt ein Mensch, nicht jeder Deutsche ist Nazi, nicht alle Muslime sind Salafisten oder Anh√§nger der Scharia...
leave_fact;Wendehals #Falkenberg schafft es einfach nich, der Versuchung nach Macht in der Regierung zu widerstehn.
leave_fact;Hab noch voll im Kopf, wie die deutschen Medien abgingen, als die krassen Faschos in Istanbul Amok liefen #Gezi #FakeAccount123
opin;Jetzt gucken die N√§gel aus dem Beutel raus ‚Äì sagt man so in Ungarn.
opin;#Erdoganz sucht frische Kohle f√ºrs Br√ºckenbauen Deutschland zahlt nix mehr #T√ºrkeiland
opin;aber dann w√ºrden die Leute bestimmt weniger kaufen & Riesenfirmen wie @techking nur noch halb so viel Kohle scheffeln... #SarkasmusAus
leave_fact;Ist das etwa wieder n Werbungspost f√ºr den Drogen Beck und diese v√∂llig √ºberfl√ºssige Beauftragten-Position? Ich hab kein Bock auf Juden und ihr k√∂nnt mir das nicht verbieten oder um√§ndern! Die sind die Hauptschuldigen f√ºr das Chaos, in dem wir heute leben. @unbekannt123
opin;So l√§uft das halt in der Politik: Haifischbecken, schwimm oder geh baden, wehr dich!
leave_fact;Wer glaubt euch denn √ºberhaupt noch? Die gro√üen Medien sind doch von den neuen Gesetzen ausgenommen. Ihr habt ja selbst mit dazu beigetragen, dass es die neuen Gesetze gibt. @falscheUser123
leave_fact;"""... alle durcheinander & euch voll im Kopf verplant...""  N√§chstes mal einfach mal die Rechtschreibfehler checken."
leave_fact;ekliger √§tzender staatslumpen aus HH @xyzabc
other;Wieso sind linke Leute mit Migrationshintergrund eigentlich bundesweit so krass vertreten??? Und das sogar prozentual viel mehr!!! @echteruser123
sarc;Ein selbstverliebter Typ, der null peilt, wie die Welt l√§uft, sieht halt genau so aus, wie so‚Äôn selbstverliebter Typ, der nix checkt. @randomuser123
sarc;Nennen wir sie mal... √Ñhhm... Ich hab's, AfD-Fans! Klingt doch gut, oder?
construct;Au√üerdem: Nach 20 abgefackelten Karren haben wir tagelang √ºber linke Gewalt geredet. Und jetzt, wie sieht‚Äôs aus nach diesem Anschlag? @anderer_account
opin;Diese √úberheblichkeit geht echt gar nicht klar.
leave_fact;Oh Mann, sagt die Frau, die mit @falscheperson quatscht und meint, dat seien nich alle Rassisten.
opin;#NeuVerpackt Alter Wein in frischer H√ºlle?
sarc;Sollen wir die jetzt Terroris nennen? Mihaha, voll unwahrscheinlich!
construct;Ob der Typ das auch so bei der Bankenrettung gesagt hat oder bei den Milliarden, die f√ºr illegale Einwanderer verpulvert werden? Die Bauern sind wichtig. Illegale Migranten? Nicht n√∂tig. Was f√ºr ein Blender! @randomUser123
opin;Genauso wie die Alliierten im 2. Weltkrieg das Recht und die Pflicht hatten, Hitler-Deutschland zu stoppen, so muss die freie westliche und wenn vorhanden auch freie √∂stliche Welt den seit 7 Jahren andauernden Krieg von Assad gegen sein Volk beenden. @falscherAccount
construct;Das h√∂rt sich gut an und stimmt nat√ºrlich. Aber Herr M√ºller, was genau tun Sie eigentlich, um Kids vor Missbrauch zu sch√ºtzen, ihnen trotz Herkunft ne faire Chance zu geben und die Lage in den Schulen zu verbessern? (JK)
sarc;Die #SPD kann eigentlich dankbar sein, dass die Unionsparteien sich zoffen, sonst w√ºrden die noch weniger Stimmen abbekommen.
opin;Kaum zu glauben.
construct;Und wie sieht‚Äôs dann mit der AfD aus, oder wird da wieder mal ‚Äôn SPD-Maase dr√ºbergelegt? @randomuser123
leave_fact;Ein irakischer Fl√ºchtling, der heftig unter Mordverdacht steht, entkommt v√∂llig ungest√∂rt zusammen mit seiner Family aus Deutschland ‚Äì und zwar zur√ºck in das Land, vor dem er angeblich fliehen MUSSTE! Voller Asylwahnsinn! #FamNachzug #Weisburg #Asylchaos #M_rkel #B_A_M_F @fakeuser123
construct;Man dreht nur dann eine Abmachung um und versucht nen Staat wirtschaftlich kaputt zu machen, wenn man ihn st√ºrzen will. Hier geht‚Äôs weder um die Bombe noch um die Sicherheit in der Gegend. Es geht darum, aus Iran nen zweites Syrien, Irak und Libyen zu machen.
leave_fact;labertasche
leave_fact;Nicht aufgeben. Die Gr√ºnen zeigen jetzt ihr wahres Gesicht.
leave_fact;Die Ausdrucksweise, die unsere moralisch √ºberlegenen Gutmenschen bei Attacken auf die AFD bringen, erinnert sehr stark an Goebbels und Freisler. #falscheraccount123
leave_fact;und dieser Typ mischt sich √ºberall ein, als ob‚Äôs ihn was angeht oder so. #doppelmoral
leave_fact;Was f√ºr ein Wunder - obwohl der Staatsfunk dauernd Werbung macht und die SPD am Boden liegt, sind die Gr√ºnen (mit Quereinsteigern wie Giering-Eckhardt) zuletzt in den Umfragen hinter der AFD gelandet. @falschePerson
sarc;Kennst du My Fair Lady? Mach mal!
opin;Alle Regierungen begehen Kriegsverbrechen. Und in Deutschland soll das im Namen vom Volk passieren??? Auf keinen Fall in meinem Namen!!!!!
other;BOEHMERMANN h√§tt echt Minister am Start sein sollen
other;Hab grad noch ne alte Data Becker Cliparts CD von 95 entdeckt @coolclipartz
leave_fact;100% von den N√∂rglern und Meckertanten feiern auch @newsfreak_tv und @deutschlandsnews. 88% vermissen den Angreifer. 1933% w√ºnschen sich die alte Wochenschau zur√ºck. 297% sind schlecht im Rechnen und sibenhunderfunfundzwanzig Prozent k√∂nnen Deutsch nicht gut, obwohl sie angeblich arisch sind. Echt traurig.
opin;Die Verfassungsschutz sollte die AfD schon l√§ngst im Auge haben.
opin;Jeder, der so was macht, ist total geistig verwirrt! Egal, welche Religion oder Nation er hat!
other;Darum hat er ja auch zum Februar aufgeh√∂rt.
leave_fact;In Deutschland w√§r uns eher ein Trump lieber als so ein Stasi-Maas @randomuser123
sarc;Hat sich eigentlich schon jemand von @falscheraccount bei Seehofer f√ºr die hammer Umfragewerte bedankt? Keiner h√§tte das so krass hinbekommen k√∂nnen..√ü
leave_fact;Es gibt immer noch diese ganzen Gutmenschen...
leave_fact;ARD und ZDF = StaatssenderCDU = Die schwarzen Konten vom Helmut KohlCSU = KARL-THEODOR ZU GUTTENBERG Doktortitel wegFDP = SILVANA KOCH-MEHRIN Doktortitel wegCDU = ANNETTE SCHAVAN Doktortitel wegDie Gr√ºnen = VOLKER BECK Drogen-Skandalund so weiter, usw.@fakeuser1 @fakeuser2 @randomacct
leave_fact;"In Chemnitz haben aggressive ""Fl√ºchtlinge"" wieder mal ein Blutbad verursacht und Herr M√ºller antwortet mit nem Konzert, bei dem ""Deutschland ist Mist"" gesungen wird? Irgendwie hab ich Zweifel, ob Herr M√ºller wirklich meine Anliegen als B√ºrger vertritt."
leave_fact;Diesen Kulturverlust sieht man doch erstmal bei @xyz_kunst. Jetzt h√∂rt ihr nur noch auf die Staatsmedien.
opin;Ich denk mal, ein winziges #failstateSaxony w√§r wohl echt angebracht, oder? Diese #pegidafd Clowns m√ºssen echt gebremst werden, daf√ºr k√∂nnen die Leute aus Dresden gern montags bei #nopegida Demos mitmachen! #dd2409 @fakename123
construct;DIE DEUTSCHE SCHULE IN ISTANBUL MACHT ZU UND DAS WISSEN SCHON ALLE, HABEN SIE SOGAR EINGESCHLOSSEN @coolfakeuser
opin;Ist halt immer noch besser, als so nem Jihadisten ewig den Hintern zu retten, ganz zu schweigen von der Gefahr.
opin;Schon wieder so ein Fall von falscher, naiver Toleranz von der @sicherheitswelt.
opin;Merkels Leistung: Katastrophal! Mal ehrlich ‚Äì fast die H√§lfte der Leute denkt, dass #Merkel sofort als Kanzlerin zur√ºcktreten muss. Unter ihren Regierungen wurde unfassbar viel Wohlstand zerst√∂rt, wie man es in friedlichen Zeiten kaum je gesehen hat #NeueCDU @falscher_account
opin;Erstmal is es voll unfair, sich in n Wettbewerb einzumischen. Und zweitens, Sch√§uble, der ja mit Schuld an der riesen Armut in Griechenland is, sollte checken, dass Leute wie Merz von der Finanzmafia nix in der Politik zu suchen haben. Diese Typen schaden Europa immer noch krass. @randomUser123
leave_fact;#M√ºller123 ist echt der K√∂nig der Dummk√∂pfe. Krass, dass so ein Typ Innenminister sein kann...
opin;Falsch - K√ºhnert war direkt von Anfang an gegen die Koalition und hetzt seit Beginn gegen die. Maa√üen wird auch noch als Argument missbraucht! @LukasTeller
leave_fact;"Es dreht sich nur um ""die 93% der unerlaubt eingereisten Migranten & die 80 Mio, die noch erwartet werden"" & nix anderes""!! Da bringt auch die Fake-News vom gr√ºn verseuchten Sprachrohr der Asyl-Lobby ""NeumannX"" nix! Und im Osten fallen die Gr√ºnen locker unter 5% ‚Äì hier gewinnt der Verstand gegen die Bl√∂dheit!"
opin;Da wird ne altbekannte Sache angesprochen. Und die GroKo checkt mal wieder gar nix davon. @randomuser123
other;Die Richter wohnen wohl genau wie die Regierung im Bunker. Darum juckt sie der Normalo nicht. Der kann easy gehen, 1000 andere warten schon drau√üen. Ach nee, sind ja Millionen!!!
construct;Woran erkennt die Tagesschau, ob ne Stadt das hier oder das da macht?
leave_fact;Das kann er gern mal @falschaccount sagen, die will doch uns Deutsche gegen Islamisten austauschen!! Tausende von Messerm√§nnern und Vergewaltigern hat sie reingelassen!! Und was meint er zu diesem ganzen Linksdrall???
sarc;Sie h√§tt auch einfach ihren Einkaufszettel vorlesen k√∂nnen. Komplett sinnfrei genauso.
other;Fl√ºchtlinge in Spanien: Spanien sucht 'ne L√∂sung, die nich spanisch is. Die EU soll das regeln. Merkel, mach mal!
construct;Ach nee. Der ist genauso falsch und verlogen wie der ganze islamistische Haufen. Das Verhalten der Regierung gegen√ºber #Erdogan zeigt mal wieder, dass es nicht um die Leute geht, sondern nur ums Business. @falsche_account123
leave_fact;Die Leute sollen vor der mega wichtigen #Hessenwahl echt f√ºr dumm verkauft werden! Tatsache ist: Merkel hat mit ihrer unkontrollierten #Masseneinwanderung auch den islamistischen Terror nach Deutschland gebracht. #Koeln @falscheruser123
construct;"Leider werden die Linksextremen immer ""vergessen"". Wieso eigentlich, Frau @BerlinPowerXYZ?"
leave_fact;Leute vertrauen dem Staat und der Justiz nicht mehr, wenn f√ºr Terrorunterst√ºtzer alles m√∂glich ist, aber f√ºr Obdachlose nix passiert. @falscheraccount
leave_fact;Joa, die AfD is voll rechtsradikal und mindestens 87% sind gegen die. Also halt mal die Schnauze und setz dich! @random_user123
construct;Brudi Jan, was hast du gemacht, um deine Schuld loszuwerden? Wie viele Gefl√ºchtete/Migranten wohnen eigentlich bei dir? Voll die Heuchler! @falschername123
other;Geht echt nich viel d√ºmmer!
construct;"Ihr ""Gebr√ºll"" soll wohl wieder #Satire sein, oder? Mal ehrlich, denkt ihr echt, dass auf solche Tweets jemand ernsthaft reagiert? Probiert doch mal, selbst Politik zu machen ...... @falscher_account"
construct;Nach Angaben vom Innenministerium, das von der CDU geleitet wird, werden 83% der antisemitischen Delikte von Rechtsradikalen ver√ºbt @TechMaster99
leave_fact;verdammt nochmal ne neue Fabrik aufmachen.. Sicher nich so gemeint.. Link is hinterner Paywall.. Schlau, @blickpunkt! Man kann das Statement aber auch auf youtube checken, dauert nur 2 Min https://www.youtube.com/watch?v=rmEeJAtmcSw ‚Ä¶@blickpunkt das deutsche CNN FAKE NEWS!!
sarc;Viel Vergn√ºgen mit den Gr√ºnen, Leute!
leave_fact;Rauferei, gleiche Leute, alles wieder gut. Ihr seid durch. Euch alle zusammen in ne Klinik zu stecken w√§r das Beste. Mehr am Volk vorbei geht echt nicht! Alles hat seine Folgen.
opin;Integrierte sollten nat√ºrlich hierbleiben. Aber straff√§llig gewordene k√∂nnen von mir aus zu Fu√ü zur√ºck! Und ob die sich danach das Leben nehmen, geht nur die selber was an. Dem Herrn @falschkonto das anzuh√§ngen ist echt peinlich.
other;Religi√∂ser Extremist. Was sucht der eigentlich in Syrien? Soll von Israel mal ordentlich einen drauf kriegen?
sarc;Weil ich f√ºr die Intendanz-Besetzungen von ZDF ARD DLF und Welle verantwortlich sein soll? Nope, bin ich nicht. @randomUser123
leave_fact;Schon mal von Markenrechtsverletzung geh√∂rt? Unsere liebe Chefin Frau @xyz_unbekannt hat sich die Raute ausgedacht!!
construct;Jetzt checkt man, warum so viele, die f√ºr diese Asylpolitik sind, keine eigenen Kids haben @randomuser123
opin;Jeder Freelancer l√§uft das genauso. Lass dich von ein paar Vollidioten nicht einsch√ºchtern. Deinen Style und deine Meinung passt du weder bei ner Podiumsdiskussion noch bei anderen Events an, man verpflichtet dich ja, genau weil du so bist, wie du bist. @randomuser123
opin;4% musste gen√ºgen ‚Äì ein echtes Armutszeugnis f√ºr die damalige Arbeiterpartei.
construct;Im Iran und in den USA gibts Todesstrafe... und mit beiden L√§ndern sind unsere Politiker tight... T√ºrkei (Erdogan + AKP) wollen die Todesstrafe wieder reinstellen und unsere Regierung steht voll hinter dieser Terror-Regierung @falscherAccount123
construct;Ich hab's jetzt klarer gemacht. Als Kriegskind und Zeitzeuge erz√§hl ich u.a. in Schulen. Hab versucht, mit der Landeszentrale f√ºr politische Bildung zusammenzuarbeiten, aber ohne Erfolg. @historyvoice23
sarc;Na wenn das mal keine Fotomontage ist.. Die armen Kids in Israel. Echt zum Mitleid haben. Statt am Spielen wird denen von klein auf eingeredet, dass die ganze Welt (Muslime, Christen) ihre Gegner sind. H√ÑNDE WEG VON DEN KINDERN @falscheraccount123
construct;Wo genau hat er die M√∂glichkeit gekriegt, frei zu leben, zur Schule zu gehen, 'ne Ausbildung zu machen und Fu√üball zu zocken (f√ºr ordentlich Kohle)? @neuehilfe
other;l√§cherlich.peinlichkeits-exzess
construct;Hab da mal ne Frage: Haben in #Saxony voll die #SA am Start? Dieser miese Nazi-Witz ist echt schlimm und macht die #Nazis-Verbrechen voll klein. Echt ekelhaft. #CrimeScene #ChemnitzCity #Newsflash @randomaccount
construct;Wenn die Leute sich Faulheit im Umgang mit Rassismus ankreiden lassen, sind sie dann gleichgestellt mit den faulen Politikern? Oma meint: Wie man in den Wald ruft, so hallt es zur√ºck! Und nicht alle sind Nazis, klar! @falscheraccount
construct;Die AfD ist dagegen, dass man den Rundfunkbeitrag zahlen muss. Es sollte freiwillig sein. @randomuser123
leave_fact;Herr Maas... k√∂nnten Sie nicht einfach verschwinden? ...w√§re echt angenehmer f√ºr die, die schon l√§nger hier wohnen. Als Bundesjustizminister waren Sie voll die Fehlwahl und als Au√üenminister?... grmpf... lernen Sie erstmal ordentlich Englisch... das w√§r mal was... @falscher_account
leave_fact;Drei Jahre sind vorbei und mehr als 90% der Gefl√ºchteten h√§ngen immer noch am Tropf der arbeitenden Steuerzahler und armen Rentner. F√ºr die Rentenabsicherung fehlt das Kapital, aber Milliarden und Abermilliarden flie√üen zur Versorgung von Fremden. Merkel, die Feindin des Volkes. @falscherAccount123
construct;Und Millionen, die abgestimmt haben, waren daf√ºr. Das is Demokratie, also kommt klar damit! Und Linksextremismus habt ihr wohl glatt √ºbersehen, oder? Was f√ºr Heuchler. @falscheaccount123
construct;Hey ihr unwissenden Mitleser. Fallt nicht auf die Nazi-Trolle rein, die hier rumlungern. Ihre L√ºgen, Verdrehungen und falschen Aussagen verfolgen nur ein Ziel: ein arisch-reines Deutschland zu schaffen. Denkt mal dr√ºber nach, was beim letzten Mal, als sowas versucht wurde, passiert ist... @fakeuser123
opin;Die #CDU macht sich ready f√ºr die Koalition mit der #AfD. @randomUser123
opin;Die bisherigen Regeln reichen v√∂llig aus und werden durch den neuen Gesetzesentwurf im Gro√üen und Ganzen sinnvoll erg√§nzt bzw. erweitert ‚Äì ein extra Gesetz (√ºberlegt und wieder verworfen) ist nicht n√∂tig, wohl aber mehr Personal √ºberall. #germimmlaw @randomuser123
leave_fact;Titel mal wieder voll irref√ºhrend. In Tunesien gibts schon seit Ewigkeiten keine Todesstrafe mehr. Die Tagesschau k√ºmmert sich mehr um die Terroristen als um deren Opfer. Zwangsfinanzierter kommunistischer Kasperverein. @fakesocial123
construct;"Bei meinen WLAN Nachbarn war ein ""KaiserreichXYZ3"" am Start. Hab meins ""AntifaMauer99"" genannt und zack, das Kaiserreich war weg."
opin;Hoffe echt, dass jemand die Clips vom Hausbesuch gesichert hat, der Politiker muss echt komplett rausfliegen. Ey, und wo is eigentlich der Verfassungsschutz in dem ganzen? Kann mir da @sicherheitscheck mal weiterhelfen?
leave_fact;Unglaublich!! Und vom √ñffi-TV h√∂rt man zu dem Thema keinen kritischen Ton! Die Regierung soll angeblich keine Ahnung haben? Joa, Ahnungslosigkeit war schon immer das Markenzeichen dieser Superheld*innen!! @fakespot123
opin;An alle Nazis hier! VERPISST EUCH!
leave_fact;"In 3 Jahren, wenn noch mehr Leute wach werden, weil wir jetzt voll viele neue Freunde/Nachbarn/Kollegen kriegen, die dann sicher auch den Gutmenschen klarmachen, wie sie deutsche Gastfreundschaft wirklich sehen, sieht die Lage ""GANZ"" anders aus ‚Äì dann bringt Propaganda nix mehr."
opin;Wer Visionen hat, sollte lieber zum Doc gehen! Helmut Schmidt hatte klare Ziele, keine Visionen. Genau das war der Unterschied.
leave_fact;Es liegt nicht nur an Merkel, sondern an DIESER POLITIK, die auch von den Etablierten Parteien unterst√ºtzt wird, und die Gr√ºnen sind Deutschlands Feinde. Aber das checkt ihr nicht, weil euer Denkverm√∂gen sehr eingeschr√§nkt ist. @randomuser123
leave_fact;Das sind die Fakten: Wer sich gegen die Stasi-Mutti Merkel stellt, wird plattgemacht. Die SED-Truppe hat das schon immer so gehandhabt: ‚ÄûWer nicht auf unserer Seite ist, ist gegen uns.‚Äú Der Vollstrecker aus Leipzig hat den Rest klargemacht. Regieren geht echt easy so! @falscheraccount123
construct;Zeigt mal die Bullen-Gewalt, die hier in Europa angeblich zur Demokratie passt. Zeigt doch die wahllos festgenommenen Demo-Leute, die verletzt oder tot sind. Aber nee, lieber nur berichten, was au√üerhalb der EU alles mies l√§uft. #scheinheilige
construct;Merkel trifft Rentner hart: Keine Rentenreform gemacht UND die EZB-Nullzins-Strategie hat Sparer und Altersvorsorge kaputtgemacht. Nullzins wegen irrer Staatsschulden von EU-L√§ndern ‚Äì unter Merkel stieg unsere Schuld um 850 Mrd auf 2.200 Mrd:   WOF√úR?? @falscheraccount123
construct;Und seit 2005 bzw. 2015 labert Merkel wie ne kaputte alte Schallplatte: ‚ÄûDeutschland l√§uft besser als je zuvor‚Äú. Meiner Meinung nach meint sie nur die Gro√üen und Reichen, aber den Leuten geht‚Äôs so mies und unsicher wie schon lange nicht mehr. @real_fakeuser
construct;Jeder Verbrecher ist einer zu viel. Kein ausl√§ndischer T√§ter wird akzeptiert. Wenn man nicht konsequent abschiebt, verliert die Migration immer mehr Akzeptanz. Daf√ºr braucht man keine Zahlen.
leave_fact;Der frische Trump Shithole-Skandal soll wohl nur ablenken von der neuen Twitter Shadow Ban Zensur https://www.youtube.com/watch?v=yRqWsZdO8hY ‚Ä¶@FakeNewsCheck @tagesschau_de @newsflash_de @leftvoice @globaltimes @news24h #talkshow @dailynews @regionradio @citytv @newstoday @youthpress @updatezeit @magazindaily @starsnews @rtlshow @tv
construct;Sie bringen den Kommentator ohne eigenen Input...der angeblich mal 'vielversprechende Satiretyp' war schon immer eher mittelm√§√üiger Bl√∂delmacher...merkt man erst bei einigen, wenn es um Antisemitismus geht... @randomuser123
construct;Klar gegen Terror sein, aber sich bei nem Land wie @falscheraccount entschuldigen, wo der ganze Terror gestartet wird und trotzdem weiter Waffen verkaufen ‚Äì voll die Heuchler.
construct;Thierse √ºber die Fl√ºchtlingspolitik ungef√§hr so: ‚Äû... ganz ehrlich ... Das dauert viel l√§nger, kostet viel Geld und echt Nerven...‚Äú Ja, wenn‚Äôs nur dabei bliebe, Herr Thierse, aber Merkels Fl√ºchtlingspolitik kostet leider auch Menschenleben. Frauen und Kinder werden misshandelt und so weiter. @realFakeUser123
construct;So ekelhaft, die ganzen Rechten sind mal wieder am Start hier. Menschen in Lebensgefahr m√ºssen gerettet werden! Die Gr√ºnde, warum jemand in Lebensgefahr ist, sind total egal! Es z√§hlt auch nicht, wer da in Gefahr steckt! Selbst wenn‚Äôs Bernd #H√∂cke w√§r, w√ºrd ich ohne zu √ºberlegen helfen! #SeaBridge #thanks @randomuser123
leave_fact;Auf irgendeine Art m√ºssen die NATO Kriegstreiber, Nazis, Zionazis & ihre saudi-arabischen Despoten ihre geflohenen extremen Fanatiker einbinden, nachdem es ihnen nicht gelang, den s√§kularen #Syrien Assad zu st√ºrzen @newsflashx @taginfo @alternative_tv #linken @greenparty_de @spd_news @pheonix_live @dpa_news @kenfm_team @wagenknecht_sylvia
opin;Ich f√ºge hinzu: ‚ÄûBei anti-muslimischen oder islamophoben Angriffen l√§uft‚Äôs auch nicht besser! Fazit: Viele Deutsche sind leider echt Rassisten!‚Äú @falscheaccount
other;Exakt, aber was is der Ursprung davon?
leave_fact;Nicht die Gewalt wird verurteilt. Sondern die Leute, die nach nem Mord durch Asylanten an nem Deutschen demonstrieren, werden kriminalisiert. Die Verbrechen der T√§ter werden komplett ausgeblendet! ...Man bleibt echt sprachlos bei so ner Ignoranz der Regierung!
sarc;Irgendwie taucht immer mehr auf, was die angeblichen Rechten angeblich gemacht haben sollen, obwohl laut PKS die Angriffe von Vermummten auf genau diese sogenannten Rechten ausgegangen sind ‚Äì haben die angeblichen Rechten am Ende etwa auch das Messergemetzel an Daniel H und Co ver√ºbt?! @falschaccount123
leave_fact;Das is mega l√§cherlicher Emp√∂rungsjournalismus. Keina Affe wurd verletzt. Hauptsach ihr ballert net zu viel Dreck aus euren staatlich bezahlten Monsterkarren und K√∂pfen. Richtig ekelhafte Doppelmoral. @fakeaccount123
construct;Die @coolguy123 will checken, wie man am besten die syrischen Fl√ºchtis zur√ºckbringen kann und ihnen dabei Sicherheit bieten.
leave_fact;Hey @newsblitz... gebt bitte euren Auftrag zur√ºck, wirklich neutral (und √ºberhaupt) zu informieren! Was hat die D√ºrre denn mit der Ermordung von Christen zu tun? Zeigt echt, wie doof euer Staatsjournalismus ist!
leave_fact;"@newsflash ihr habt vergessen, dass der #Volltrottel @Messi123 jetzt Opfer spielt und nat√ºrlich die ""Rassismus-Karte"" zieht. Aber Respekt, dass er den FEIGLINGEN vom @gfball @gfbal_team die Entscheidung abnimmt, was die eigentlich schon viel fr√ºher h√§tten machen sollen #Krise"
construct;Unbefugtes Aufmachen der Grenzen und dabei die parlamentarische Demokratie missachten, das nennt man Amtsmissbrauch. Ganz bewusst wissend, dass dabei M√∂rder rein kommen, die dann auch morden, das ist Beihilfe zum Mord. @randomuser123
sarc;Inschallah, Herr M. Inschallah.
construct;Unklar bleibt nur, welches Faktengebilde euer Faktenbauer zusammenzimmern wird, um zu behaupten, dass die Gefahr nur von rechts ausgeht.
leave_fact;Nachrichtencheck quatscht nur Mist und labert voll den Merkel-Kram nach, ihr seid echt zum Fremdsch√§men @falscheskonto
construct;Habt ihr echt nimmer alle Tassen im Schrank, dass ihr so nen Quatsch auch noch teilt?
opin;die metoo bewegung kommt jetzt auch in der deutschen politik an....gesetze sind schon da, m√ºssen nich ge√§ndert werden. opfer sollten t√§ter melden und anzeigen. wer das nich macht, darf sich nich √ºber zu wenig justiz beschweren @neueskonto
construct;Tats√§chlich haben ALLE Fraktionen im Deutschen Bundestag Hartz IV durchgewunken: SPD, GR√úNE, CDU/CSU und FDP! DIE LINKE war 2003 nicht mit voller Fraktionsst√§rke im Bundestag am Start ‚Äì sonst h√§tte wenigstens DIE LINKE die Bundestagsfraktionen w√ºrdig vertreten‚Ä¶ @social_fakeuser
other;Ach ja, #metoo #NOGROKO #Y√ºcel Und dann ging‚Äôs pl√∂tzlich richtig los, woher eigentlich dieser rassistische Herrenmenschen-Kram bei diesen US-NATO-Zombies herkommt, die uns in alle Kriege reinziehen und lieber die Armen statt die Armut beseitigen wollen https://www.youtube.com/watch?v=V1Im_bQLKDc&t=2125s ‚Ä¶ @mediencheck @infochannel @newsdaily @tageszeitung
opin;J√ºdisch sein is voll Teil von #Deutschland! #Islamisten und #Salafisten? Die geh√∂ren niemals dazu! #NieMehr Faschismus oder #Antisemitismus! @falscheraccount
leave_fact;Dein Kumpel meldet sich, Herr Augstein... Wie tief geht‚Äôs noch? Wie #GB #USA #NATO ..L√ºgen am Start, sollte doch klar sein...#Irak #Libyen #Jugoslawja #Kosovo #MH17 #Doping #Syrien #Krim #Georgien....Sind die #DE Medien ungebildet oder doch korrupt? @falscheraccount
other;Shadowban-Check! Hashtag: #AngelaStoppt Dieser Tweet wird NICHT beim Hashtag Angela gezeigt! Das ist doch klare linken Zensur!
leave_fact;"""Fremde ausm Ausland kriegen hier kein Platz""... Jetzt k√∂nnen unsere bunten Vielfalt-Toleranz-Antifa-Fans, diese ganzen ""Gutmenschen"", endlich voll durchziehen und ihr Lieblingswort wie immer laut raushauen... ""Nazi Nazi..."" H√∂r ich da was???--- @randomUser123"
leave_fact;"Der #AntiFaFanboy #Musterling als ""Wahrheitschecker"" und Sprachrohr von der Mainstream-Sendung und Merkels verl√§ngertem Arm ‚Äì keinen Buchstaben wert. Antisemitismus kommt heute haupts√§chlich von links und aus islamistischen Kreisen. Der Rest ist, wenn √ºberhaupt, nur ganz wenig vorhanden."
construct;Wo steckt @xYz_123, die sonst immer als Erste mit ihrer gro√üen Klappe Feuer schreit? Und Bundespr√§sident Steinmeier, der sonst immer die Cops feiert ‚Äì haben diese ganzen Labertaschen jetzt echt keinen Mumm, der Polizei √∂ffentlich mal eine Ansage zu machen?
leave_fact;Ey, hat unser linker Staatsfunk immer noch nicht kapiert und hetzt weiter gegen Seehofer? Das Einzige, was an dem Masterplan echt mies ist, is dass da wahrscheinlich kaum was wirklich gemacht wird.
other;"Es war die √úberheblichkeit, die gezeigt wurde. Vor allem von #TrainerX, der bei den Spielern generell gemieden wurde, weil er sich selbst f√ºr den gro√üen Chef hielt. Viele andere Kicker waren voll drauf und dachten, alle machen auf brave M√§uschen vor dem ""Weltmeister""."
leave_fact;Total witzig, dass die Marketing-Profis @xyzpromo vorgeschlagen haben, dass Merkel f√ºr ihre Ansage ‚Äônen blauen Blazer anzieht. Checkt ihr nicht, wie peinlich die Frau eigentlich ist?
leave_fact;Wahrscheinlich der bl√∂deste Dialogteil der gesamten Kampagne #Deutschlandspricht, den die @NachrichtenShow den Leuten zum Verarschen vorsetzt. Komischerweise glauben manche das echt und checken nicht, was dahinter steckt.
construct;Der Unterschied ist: Mit @MaxFischer & Crew ging die SPD zusammen mit den Gr√ºnen HEUTE voll motiviert an der Spitze mit Bush in den Irak rein.
construct;Nicht vergessen: Hamas ballert halt blind rum, w√§hrend Israel gezielt auf Kids zielt. @randomfakeuser
leave_fact;Geht @sternchenfrau voll auf'n Keks, dass die rechtskonservativen Parteien als Sieger aus der Wahl rausgehen. Wer bestimmt eigentlich, was Desinfo ist? @blaubird_ hat Frau Merkel mit ihren Aussagen zu Chemnitz am Start? Oder doch @tvkritiker99 von ARD/ZDF, die st√§ndig wegen L√ºgen Kritik kassieren...?
leave_fact;Das geht doch nicht mehr klar. In was f√ºr einer Welt leben wir eigentlich? Sind wir alle pl√∂tzlich in irgendeiner afrikanischen Bananenrepublik gelandet? Es wird Zeit, dass wir alle wach werden und uns wehren. Wo bleibt denn der #Aufschrei? Ist das schon alles oder nur die Spitze vom Eisberg? Wer zieht hier eigentlich noch Nutzen raus? @random_user123
other;Ey du Bulle-Kind !!11!1!11
other;Vandalismus? L√§utet die Glocke noch?
construct;Der #Shutdown bringt FBI, Finanz√§mter, Umwelt√§mter und Gerichte komplett zum Stillstand. Genau die Bereiche, vor denen #Trump am meisten Schiss hat. @falschername123
leave_fact;Die sollte ganz chillig im Irak verrotten @randomuser123
opin;Illegale Migration ist nicht das gleiche wie Fl√ºchtling sein.
construct;Der Justizminister, der vor dem Anschlag am Breitscheidplatz null Anzeichen von Terror im wilden Zustrom der Leute erkannt hat, gibt sich jetzt voll als moralische Instanz und tr√§gt damit nen gro√üen Teil zur gesellschaftlichen Katastrophe bei! @falscher_user
leave_fact;Wenn ihr von #Europa redet, dann sollten wir Einheit mit Russland suchen! Ich glaube, ihr meint den von Lobby und NATO kontrollierten EU-Block. Also bitte keine #FakeNews, sondern klare und richtige Aussagen! @veritas_news
sarc;#reiseSyrien: Blex wird in Syrien voll als Dorftrottel vorgef√ºhrt und als Lockvogel f√ºr Terror missbraucht. Echt jetzt, @neulandpartei, wir holen Assad nach D, damit er die Fl√ºchtlinge wieder zur√ºckschickt in die angeblich gar nicht so schlimme Heimat.
leave_fact;"Ich find‚Äôs echt niedlich, dass du versuchst gegen meinen Troll-Post anzukommen, aber das ist nicht so dein Ding, merk ich schon ;) H√∂r mal auf so'n Prinzipienreiter zu spielen, das wirkt voll l√§cherlich. @falscheraccount"
sarc;Hab schon lange nich mehr so gelacht!
construct;Vielleicht sollten die @xyz_offiziell endlich klarmachen, was das echte Problem in D ist und warum sie grad sauer sind. Solang die sich wie Nazis auff√ºhren, m√ºssen sie auch damit rechnen, so behandelt zu werden.
opin;Trump und seine simple Erpressungstaktik, echt krass! @randomuser123
construct;Darum haben die √ºber ein Dutzend krasse Angriffskriege ohne UNO-Erlaubnis gestartet... Und trotzdem steht ihnen immer noch das st√§rkste Veto zu. Diese krasse Doppelmoral geht echt nicht klar... @falscheaccount123
leave_fact;Die linken Faschos Erika Stasi IM Klemke verbreiten Hass und Zorn durch ihre √úberfremdungs-Politik @fake_account123
leave_fact;Von den 23 Gefl√ºchteten, die Lettland nach der Umverteilung aufgenommen hat, sind schon alle wieder aus dem Baltikum weg. Kann man ihnen echt nich √ºbel nehmen. Die Bl√∂dheit von unseren Beh√∂rden hat sich √ºberall rumgesprochen. F√ºr die fr√ºhere DDR-Merkel hei√üt es >Migranten First. Das Volk wird als ahnungslose Menge gesehen. @falschiuser
construct;Die T√ºrkei jagt und t√∂tet Kurden! Wo bleibt eigentlich der Protest von der deutschen Politik? Stattdessen werden die Angriffe mit Panzern und so unterst√ºtzt. Und wegen Israel: Israel muss sich verteidigen, wenn da ‚Äône Horde durchgeknallte HAMAS-Terroristen an der Grenze auftaucht. @realfakeaccount
sarc;Nur einfach mal zum Erinnern...
construct;Die @falscheSeite und @andererAcc sind voll verantwortlich f√ºr den ganzen Mist hier.-Islamisierung -Altersarmut -Rekordhohe Steuern -Sicherheit wird von Jahr zu Jahr mieser WOLLEN WIR DAF√úR ECHT DANKE SAGEN???
leave_fact;Dieser Labertasche wird nat√ºrlich vom Merkel-Kanal gepusht. F√ºr vern√ºnftige Leute ist das aber schon l√§ngst egal.
construct;Dass wir uns hier gegenseitig fertig machen, ist genau das, was die wollen, die uns so mies behandeln. Ablenkung deluxe von ihrem jahrelangen Mist zu unseren Lasten. W√§hrend wir uns auf Social Media die K√∂pfe einschlagen, machen die einfach fr√∂hlich weiter, ohne dass ihnen was passiert.
leave_fact;Schei√ü auf Br√ºssel! Warum m√ºssen wir die H√∂chstpreise f√ºr Faulpelze zahlen? @falscheraccount
other;@fakaccount Statistik von 2017 zeigt, die Invasion h√∂rt einfach nicht auf.
leave_fact;Eure Fake-News sind echt durchschaubar und total zum Lachen. @falscherAccount
other;oder als merkel bei der FDJ voll im amt war
other;Jetzt dreht ihr wieder komplett durch, oder was?
leave_fact;√úbrigens zum Thema Religion & #Antisemitismus Mi√übrauchDie NATO-Krieg @FakeNewsZentrale Medien sind halt genau so fanatisch wie ihre moderaten Kopf-abtrenner gegen Syrien & Russland @Nachrichten123 @NewsPro7 @FocusLive @RTDeutschland @SputnikDeutsch @EuroNewsKommt @RadioDeutschland @LinkeFraktionK @SpiegelAktuell @BildReportPolitik
leave_fact;Keiner glaubt dem @PolitBuzz ...
sarc;Hoffe echt, Trump checkt bald mal, wie eng Macron auch mit Merkel connected ist ... Find das ziemlich komisch irgendwie ...
leave_fact;wie kommt ihr drauf dass er sich rechtfertigen muss? habt ihr den artikel gelesen? habt ihr ihn selbst gefragt? vielleicht zeigt sich ja, dass die medien #FakeNews von der #regierung verbreiten ‚Äì aber euch juckt das nicht, weil ihr seid halt die #ZDFFans
sarc;Wie jetzt? Hab immer gedacht, das sind Fl√ºchtlinge wegen Krieg und Hunger und so? Und jetzt pl√∂tzlich doch Einwanderer? @fakeuser123
opin;Angeblich k√§mpft auch die @newsflashdaily
opin;"Hey @randomUser, hab mir den Corbyn-Text jetzt durchgelesen. Er setzt echt ein starkes Zeichen gegen Antisemitismus. Er unterst√ºtzt die IHRA-Definition. An seiner Stelle h√§tt ich alle ""elf Beispiele"" untermauert. Aber seine Zweifel, das ""modernen Antisemitismus"" zu nennen, find ich nicht fair."
construct;Hat er voll recht. Aber das Problem bei @BayernPolitik ist, dass das alles nur leere Worte sind, um die W√§hler zu bes√§nftigen. Es passiert nix. Seehofer k√∂nnte jetzt einfach mit nem Erlass die Grenzen offiziell f√ºr illegale Einwanderer dicht machen. Macht er aber nicht. Stattdessen sollen sogar teilweise Gef√§hrder reingelassen werden.
construct;Kann d√ºndar is doch auch abgehauen, als gesagt wurde, dass er ins Gef√§ngnis muss wegen Landesverrat... und solche Leute werden in Deutschland voll willkommen gehei√üen... und dann sollen wir gegen√ºber der deutschen Regierung bzw. Deutschland loyal sein? @randomuser123
construct;"Genau, voll die Wahrheit, keiner will diese illegalen #Migranten, sieht man ja, bringt mega Stress in die L√§nder die sie aufnehmen. #Asylstreit #EU  
@randomuser123"
construct;Ich werd immer Leute willkommen hei√üen, die aus schwierigen Verh√§ltnissen fl√ºchten. √úberlegt euch nochmal genau, was ihr hier von euch gebt, vielleicht entdeckt ihr ja dabei eure Menschlichkeit wieder. Viel Gl√ºck dabei. @randomuser123
opin;Merkel hat auch nichts wirklich unter Kontrolle, dabei soll sie ja Physikerin sein. Scheint nur so, als wolle sie den Amtsrekord von Kohl unbedingt brechen. Egal, was es kostet. @randomaccount123
leave_fact;damit is ausschlie√ülich die presse gemeint, die so berichtet und handelt, wie die kanzlerin will, nat√ºrlich.#staatsmedien
construct;Frau M√ºller, Sie nehmen echt jeden Mist, um aufzufallen. Mach ich jetzt auch mal so. Die AfD steht f√ºr Hass auf Schwule und Fremde, vor allem aus √§rmeren L√§ndern. Sie: schwul, Freundin aus Indonesien und wohnen in der Schweiz, aber kassieren in Deutschland!
opin;Ich war dieses Jahr von eurer und unserer Politik schon so fr√ºh ausgepowert wie schon ewig nicht mehr.
construct;Sogar wenn jmd stirbt, wird das in Deutschland genutzt um gegen Herrn Trump zu hetzen. Echt armselig. @falscheraccount
opin;Total l√§cherlich!
opin;H√∂rt auf die Zensur schon am Anfang. Keine Kontrolle vom Internet!
construct;Eine Umfrage, die sich an Leserinnen von Frauen- und TV-Heften wie Stern, Petra usw. richtet. Kein Wunder, dass dabei so ein Ergebnis rauskommt. Dem @newsflashteam h√§tte ich echt nicht zugetraut, auf so ne einseitige Quelle zur√ºckzugreifen.
leave_fact;Dieser Vollpfosten. 100 % Steuern auf doofe Blondine.
construct;Keine Ahnung, was schneller passiert ‚Äì der Machtverlust von der Kanzlerin oder der Zerfall von unserer Gesellschaft (mehr Angst ums Sicher-Sein, mehr Extremisten, mehr Kriminalit√§t, Angriffe auf Rettungskr√§fte, Cops usw.). @randomUser123
construct;"Wo ""kriegen"" sich denn die Moslems? In Myanmar pr√ºgeln Buddhisten auf Muslime ein, in Jugoslawien wurden Christen, Orthodoxe und Atheisten umgebracht, √§hnlich wie in Syrien und Irak! Juden t√∂ten Muslime und andersrum. Wer f√§llt denn st√§ndig in andere L√§nder ein? @fakorel78"
construct;"Das nennt man Rassismus, liebe @newsflashxyz. Rassismus und nicht einfach ""Systemkritik"". Bitte untersch√§tzt den Hass und die Hetze nicht."
other;Ich denk nich, das macht schon die Presse klar.
leave_fact;Der B√∂mmelmann wird in der Nachahmung von der Chefin immer cooler... sieht ihr sogar fast gleich aus @falscheraccount
construct;"Was soll das mit ""sogenannter"" ... Tageschau bringt's mal wieder voll daneben"
construct;Mann Lindner, was soll denn noch alles passieren? Das kostet uns Steuerzahler jetzt schon Milliarden. @randomUser123
sarc;Endlich is wieder Zeit f√ºr Stammtisch-Politik und Merz regelt die Steuererkl√§rung auf nem Bierdeckel. @randomUser123
construct;Dass Fremdenfeindlichkeit mehr wird, ist schon krass, aber ehrlich gesagt nicht so √ºberraschend bei der ganzen angespannten Stimmung im Land und den verh√§rteten Fronten in der Gesellschaft. #hostilevibes @randomuser123
leave_fact;Mehrere Hunderttausend Antisemiten hat Merkel ins Land gebracht. Jetzt tut ihr alle √ºberrascht?
construct;Wo erlebt ihr gerade Zensur? Wo werden Leute blockiert, die den Zentralrat der Juden als unn√∂tige Nervens√§gen-Truppe bezeichnen? Richtig, nirgends.
leave_fact;Mal gucken, was die Amis so treiben.. Ich denk nich, dass der Typ noch lang durchh√§lt, um seine Steuer durchzuziehen und mehr Ausl√§nder in die Pflege zu holen, damit die Deutschen noch mehr bluten.. @maxmustermann <Idiot!
construct;Wer‚Äôs glaubt... Hier dreht sich doch alles nur um Politiker, die nur auf Macht aus sind und schon lange keinen guten Job f√ºr Deutschland machen. Voll peinlich, wie sie alle an ihren √Ñmtern festhalten. Am Ende kriegen #XPQ #ZTU und #LMN ihre Rechnung.
leave_fact;ACHTUNG! - Die #Neubesiedlungsmama spielt wieder die #Wohlwollende. #Politikfrau @xyz_abc
leave_fact;1. Unsere Gesetze gelten nur f√ºr Deutschland, nicht weltweit. 2. Schon wieder sollen 2 Mio. Fl√ºchtlinge kommen, wenn man mal die x4 Familienmitglieder dazu z√§hlt. Alle ohne Quali direkt rein in unser Sozialsystem, das eigentlich nur f√ºr Notf√§lle da ist. NEIN, NEIN, NEIN zum Familiennachzug! @falschehilfe
leave_fact;Hat von den alten Machthabern eigentlich irgendwer an die gedacht, die es wirklich betrifft? Also Sch√ºler, Lehrer und Eltern?
opin;Als Deutscher k√∂nnte man echt paar ‚Äûmein Pr√§sident‚Äú nennen: Steinbacher, Junkers, Tajanis und sogar Tusker. Erdogan auf keinen Fall. Daraus ergibt sich, dass die beiden sich als T√ºrken begreifen. Voll krass dumm und definitiv ein No-Go f√ºr die DFB Elf.
sarc;Macht aber echt nur mit so nem reichen alten Typen Add-on Spa√ü.
leave_fact;Mit linken Fachleuten redet man nich. Kleiner Tipp: Fr√ºher waren da Migranten aus Indonesien und so. Bis man dann ne echte Politik gestartet hat.
leave_fact;Symbolisch. Schon mal davon geh√∂rt?!
construct;Das Ganze riecht total √ºbel! Warum hat der nach nem Jahr Knast seinen t√ºrkischen Pass immer noch nicht abgegeben? Das ist doch mega shady!
construct;http://app.wiwo.de/politik/deutschland/plaedoyer-fuer-die-cannabis-freigabe-legale-moeglichkeiten-haben-auch-illegale-downloads-verdraengt/11617034-2.html ‚Ä¶Auf den Artikel hab ich mich teils mit meinen Worten bezogen. Vielleicht bringt der dir die Argumente klarer r√ºber, als ich es geschafft hab.
other;JO ey @cooldude34 meint, Maas sagt echt, die T√úRKEI is Teil von Europa?
construct;Nur die bl√∂desten K√ºhe suchen sich ihre Metzger selbst aus. Dann kommen immer mehr Messerstecher ins Land. Ihr werdet schon merken, was das bringt. @randomuser123
construct;Reden wir mal √ºber den fest verankerten Rassismus im Islam, der einer Muslima verbietet, einen Ungl√§ubigen zu heiraten. #rassismus @fakelink123
leave_fact;Total typisch f√ºr den Aufwiegler Max!!
other;Frau Blume???? Was ist denn mit IHR los??????? K√∂nnte sie mal bitte bei der Kirche bleiben?????????????????????????
opin;Merkel is die Kanzlerin, nich #Hofersohn. Wenn der nicht kapituliert, muss der ausm Kabinett fliegen, egal wie die Landtagswahlen laufen. Dann kann die Regierung sich mal wieder auf ihre eigentliche Arbeit konzentrieren. @randomuser123
opin;Trump will genau das schaffen!
sarc;In Indien ist nen Beutel Reis umgekippt und der Rheinpegel is ein bisschen nach oben gegangen. @randomuser123
